modifier|head|count|total mod count|perc with this head
rent|index|1|11|0.09090909090909091
rent|increase|1|11|0.09090909090909091
rent|increases|4|11|0.36363636363636365
rent|contracts|1|11|0.09090909090909091
rent|prices|3|11|0.2727272727272727
rent|control|1|11|0.09090909090909091
linguistics|degrees|1|1|1.0
always|complaining|1|7|0.14285714285714285
always|possible|1|7|0.14285714285714285
always|having|1|7|0.14285714285714285
always|invigorates|1|7|0.14285714285714285
always|chickens|1|7|0.14285714285714285
always|familiar|1|7|0.14285714285714285
always|provoke|1|7|0.14285714285714285
practical|outfit|1|1|1.0
large|events|1|3|0.3333333333333333
large|companies|1|3|0.3333333333333333
large|centres|1|3|0.3333333333333333
snap|shots|1|1|1.0
inner-city|areas|1|2|0.5
inner-city|airports|1|2|0.5
good|alternative|1|4|0.25
good|assignments|1|4|0.25
good|grade|2|4|0.5
fee|officers|1|1|1.0
small|amount|1|2|0.5
small|portion|1|2|0.5
great|britain|1|5|0.2
great|powers|1|5|0.2
great|equipment|1|5|0.2
great|deal|2|5|0.4
likewise|ought|1|2|0.5
likewise|taken|1|2|0.5
midfield|replacement|1|1|1.0
aside|caters|1|1|1.0
strongly|digitized|1|2|0.5
strongly|differs|1|2|0.5
publicly|known|1|1|1.0
green|space|1|2|0.5
green|spaces|1|2|0.5
sunday|seen|1|2|0.5
sunday|days|1|2|0.5
truly|awful|1|1|1.0
case|today|1|1|1.0
considerable|effort|1|1|1.0
additional|freedom|1|5|0.2
additional|rescues|1|5|0.2
additional|expenditure|1|5|0.2
additional|times|1|5|0.2
additional|control|1|5|0.2
buying|power|1|1|1.0
easy|access|1|1|1.0
comparable|traffic|1|1|1.0
new|felonies|1|11|0.09090909090909091
new|tenants|1|11|0.09090909090909091
new|virus|1|11|0.09090909090909091
new|infections|1|11|0.09090909090909091
new|car|1|11|0.09090909090909091
new|xyz-123|1|11|0.09090909090909091
new|lease|2|11|0.18181818181818182
new|kind|1|11|0.09090909090909091
new|life|1|11|0.09090909090909091
new|airport|1|11|0.09090909090909091
both|have|1|1|1.0
slightly|restricted|1|1|1.0
stronger|observance|1|2|0.5
stronger|opponent|1|2|0.5
time|embarrassment|1|2|0.5
time|children|1|2|0.5
economic|difficulties|1|1|1.0
acquiring|cds|1|1|1.0
conventional|treatments|2|6|0.3333333333333333
conventional|therapies|1|6|0.16666666666666666
conventional|medicine|3|6|0.5
anti-virus|software|1|2|0.5
anti-virus|programme|1|2|0.5
western|therapies|1|1|1.0
three-figure|amount|1|1|1.0
pharmacist|myself|1|1|1.0
excessive|surveillance|1|2|0.5
excessive|consumption|1|2|0.5
unrecognized|treatments|1|1|1.0
therefore|not|1|12|0.08333333333333333
therefore|maintained|1|12|0.08333333333333333
therefore|measure|1|12|0.08333333333333333
therefore|reimbursed|1|12|0.08333333333333333
therefore|monitored|1|12|0.08333333333333333
therefore|wise|1|12|0.08333333333333333
therefore|help|1|12|0.08333333333333333
therefore|out|1|12|0.08333333333333333
therefore|charge|1|12|0.08333333333333333
therefore|way|1|12|0.08333333333333333
therefore|acquired|1|12|0.08333333333333333
therefore|offer|1|12|0.08333333333333333
final|grade|2|4|0.5
final|theses|1|4|0.25
final|tournament|1|4|0.25
operations|issues|1|1|1.0
elsewhere|do|1|1|1.0
parachute|jump|1|1|1.0
categorically|argue|1|1|1.0
ber|airport|1|1|1.0
wealthy|parents|1|2|0.5
wealthy|society|1|2|0.5
uniform-free|schools|1|1|1.0
namely|games|1|1|1.0
quickly|killed|1|1|1.0
pharmaceutical|industry|1|1|1.0
certain|areas|1|5|0.2
certain|risk|1|5|0.2
certain|audiences|1|5|0.2
certain|level|1|5|0.2
certain|garments|1|5|0.2
yesterday|gone|1|1|1.0
sure|vanish|1|1|1.0
private/personal|reasons|1|1|1.0
edward|snowden|1|1|1.0
morning-after|pill|10|10|1.0
permanently|scanning|1|1|1.0
health|insurers|1|10|0.1
health|benefits|2|10|0.2
health|companies|6|10|0.6
health|effects|1|10|0.1
weighted|modules|1|1|1.0
often|goes|1|10|0.1
often|put|1|10|0.1
often|costly|1|10|0.1
often|snowy|1|10|0.1
often|required|1|10|0.1
often|wasted|1|10|0.1
often|report|1|10|0.1
often|place|1|10|0.1
often|copied|1|10|0.1
often|considerable|1|10|0.1
smaller|shops|1|1|1.0
flexibility|times|1|1|1.0
governing|party|1|1|1.0
job|while|1|1|1.0
usually|war|1|3|0.3333333333333333
usually|associated|1|3|0.3333333333333333
usually|have|1|3|0.3333333333333333
earlier|necessary|1|1|1.0
utmost|profit|1|1|1.0
best|works|1|1|1.0
severe|clashes|1|1|1.0
here|is|1|1|1.0
old|people|2|4|0.5
old|traditions|1|4|0.25
old|age|1|4|0.25
package|insert|1|1|1.0
own|fate|1|2|0.5
own|thoughts|1|2|0.5
year|announcing|1|1|1.0
much|closer|1|7|0.14285714285714285
much|tv|1|7|0.14285714285714285
much|higher|2|7|0.2857142857142857
much|rubbish|1|7|0.14285714285714285
much|punishment|1|7|0.14285714285714285
much|wish|1|7|0.14285714285714285
middle|ages|1|1|1.0
promised|effect|1|1|1.0
easier|method|1|1|1.0
admittedly|rising|1|4|0.25
admittedly|are|1|4|0.25
admittedly|become|1|4|0.25
admittedly|prevent|1|4|0.25
work|times|1|1|1.0
less|thrilling|1|5|0.2
less|television|1|5|0.2
less|dirt|1|5|0.2
less|time|1|5|0.2
less|costly|1|5|0.2
tuition|fees|9|9|1.0
political|changes|1|4|0.25
political|events|1|4|0.25
political|responsibility|1|4|0.25
political|power|1|4|0.25
commercially|available|1|1|1.0
random|factors|1|1|1.0
luxury|prisons|1|1|1.0
capital|punishment|9|9|1.0
growing|digitization|1|1|1.0
pretty|much|1|1|1.0
advance|offices|1|1|1.0
tiny|amount|2|2|1.0
negligent|owners|1|1|1.0
team|player|1|1|1.0
demographic|change|1|1|1.0
model|effect|1|1|1.0
out|jam|1|1|1.0
retirement|age|4|4|1.0
automatic|update|1|1|1.0
doping|tests|1|1|1.0
week|shopping|1|1|1.0
full-time|employment|1|1|1.0
coming|match|1|1|1.0
cross-country|skiing|1|1|1.0
tv/radio|fee|1|1|1.0
rubbish|resources|1|1|1.0
mentally|fit|1|2|0.5
mentally|more|1|2|0.5
short-term|fluctuations|1|1|1.0
quite|rightly|1|2|0.5
quite|clear|1|2|0.5
failed|bank|1|1|1.0
clean|pavements|1|2|0.5
clean|environment|1|2|0.5
indirectly|watched|1|1|1.0
economically|due|1|3|0.3333333333333333
economically|oriented|1|3|0.3333333333333333
economically|independent|1|3|0.3333333333333333
rather|spent|1|7|0.14285714285714285
rather|sense|1|7|0.14285714285714285
rather|persistently|1|7|0.14285714285714285
rather|opaque|1|7|0.14285714285714285
rather|strong|1|7|0.14285714285714285
rather|give|1|7|0.14285714285714285
rather|authoritarian|1|7|0.14285714285714285
over-the-counter|pill|1|2|0.5
over-the-counter|availability|1|2|0.5
absolutely|gross|1|1|1.0
ball|metres|1|1|1.0
audience|rates|1|1|1.0
birth|rates|3|4|0.75
birth|rate|1|4|0.25
bad|times|1|2|0.5
bad|luck|1|2|0.5
pure|coincidence|1|1|1.0
apparently|uniform-free|1|3|0.3333333333333333
apparently|countries|1|3|0.3333333333333333
apparently|enjoy|1|3|0.3333333333333333
certainly|desirable|1|1|1.0
doubt|do|1|1|1.0
besides|unnecessary|1|9|0.1111111111111111
besides|driven|1|9|0.1111111111111111
besides|necessary|1|9|0.1111111111111111
besides|allowed|1|9|0.1111111111111111
besides|get|1|9|0.1111111111111111
besides|leaving|1|9|0.1111111111111111
besides|interest|1|9|0.1111111111111111
besides|intervene|1|9|0.1111111111111111
besides|given|1|9|0.1111111111111111
laid-back|average|1|1|1.0
similar|rules|1|1|1.0
role|effect|1|1|1.0
worse|overview|1|2|0.5
worse|run|1|2|0.5
well|demonstrate|1|2|0.5
well|plays|1|2|0.5
tenant|change|1|2|0.5
tenant|protection|1|2|0.5
recently|staggering|1|1|1.0
continued|operation|1|1|1.0
comfy|car|1|1|1.0
side|effects|3|3|1.0
far|had|1|2|0.5
far|rather|1|2|0.5
active|participation|1|1|1.0
owner-run|shops|1|1|1.0
natural|treatments|1|3|0.3333333333333333
natural|treatment|1|3|0.3333333333333333
natural|remedies|1|3|0.3333333333333333
market|principles|1|5|0.2
market|today|1|5|0.2
market|value|1|5|0.2
market|level|1|5|0.2
market|economy|1|5|0.2
more|likely|1|28|0.03571428571428571
more|closely|2|28|0.07142857142857142
more|laid-back|1|28|0.03571428571428571
more|properly|1|28|0.03571428571428571
more|intensively|1|28|0.03571428571428571
more|use|1|28|0.03571428571428571
more|so|1|28|0.03571428571428571
more|presence|1|28|0.03571428571428571
more|40|1|28|0.03571428571428571
more|punished|1|28|0.03571428571428571
more|activities|1|28|0.03571428571428571
more|sceptical|1|28|0.03571428571428571
more|pull|1|28|0.03571428571428571
more|expected|1|28|0.03571428571428571
more|pregnancies|1|28|0.03571428571428571
more|homicides|1|28|0.03571428571428571
more|fashionable|1|28|0.03571428571428571
more|fees|1|28|0.03571428571428571
more|tightly|2|28|0.07142857142857142
more|weight|1|28|0.03571428571428571
more|healthily|1|28|0.03571428571428571
more|akin|1|28|0.03571428571428571
more|enough|1|28|0.03571428571428571
more|aware|1|28|0.03571428571428571
more|attractive|1|28|0.03571428571428571
more|time|1|28|0.03571428571428571
park|paths|1|1|1.0
intelligence|services|9|9|1.0
sensible|idea|1|1|1.0
constantly|astonished|1|5|0.2
constantly|recorded|1|5|0.2
constantly|shrinking|1|5|0.2
constantly|rising|2|5|0.4
concretely|proven|1|1|1.0
death|penalty|8|8|1.0
confidential|data|1|1|1.0
transition|period|1|1|1.0
reaction|time|1|1|1.0
basketball|team|1|1|1.0
collective|appearance|1|1|1.0
dark|surroundings|1|1|1.0
base|rent|1|1|1.0
significant|amount|1|2|0.5
significant|risks|1|2|0.5
smartphone|xyz-123|1|1|1.0
contemporary|events|1|1|1.0
innocent|people|1|1|1.0
so|has|1|3|0.3333333333333333
so|massive|1|3|0.3333333333333333
so|rather|1|3|0.3333333333333333
curling|skiing|1|1|1.0
traffic|regulations|1|1|1.0
indiscriminate|liberties|1|1|1.0
working|world|1|1|1.0
essentially|show|1|2|0.5
essentially|wearing|1|2|0.5
waiting|embarrassment|1|1|1.0
properly|separate|1|1|1.0
serious|economist|1|1|1.0
sold-out|stadium|1|1|1.0
incredible|moment|1|1|1.0
part-time|while|1|1|1.0
war|opponents|1|1|1.0
american|services|1|1|1.0
worst|thing|1|1|1.0
culturally|determined|1|1|1.0
oriented|society|1|1|1.0
acquired|data|1|1|1.0
steadily|increasing|2|2|1.0
suddenly|pay|1|3|0.3333333333333333
suddenly|climbs|1|3|0.3333333333333333
suddenly|gone|1|3|0.3333333333333333
now|injured|1|3|0.3333333333333333
now|'s|1|3|0.3333333333333333
now|have|1|3|0.3333333333333333
better|spread|1|2|0.5
better|equipped|1|2|0.5
report|time|1|1|1.0
late|hours|1|1|1.0
plus|wants|1|1|1.0
complete|attention|1|1|1.0
individual|cases|1|6|0.16666666666666666
individual|modules|1|6|0.16666666666666666
individual|assignments|2|6|0.3333333333333333
individual|self-development|1|6|0.16666666666666666
individual|services|1|6|0.16666666666666666
extremely|unfriendly|1|1|1.0
customized|fees|1|1|1.0
minor|offense|1|1|1.0
longer|queues|1|5|0.2
longer|sustainable|1|5|0.2
longer|periods|1|5|0.2
longer|durations|1|5|0.2
longer|dependent|1|5|0.2
immediately|eligible|1|1|1.0
and/or|children|1|1|1.0
ibm|shares|1|1|1.0
alternative|treatments|2|3|0.6666666666666666
alternative|medicine|1|3|0.3333333333333333
otherwise|kind|1|1|1.0
basic|right|1|1|1.0
fun|night|1|1|1.0
perfect|weather|1|1|1.0
popular|promises|1|1|1.0
geographically|culturally|1|1|1.0
itself|changes|1|1|1.0
bachelor|thesis|4|5|0.8
bachelor|degree|1|5|0.2
increasing|penalties|1|1|1.0
internal|changes|1|1|1.0
international|law|1|2|0.5
international|attention|1|2|0.5
tomorrow|skydive|1|1|1.0
available|bulb|1|1|1.0
state|funds|1|2|0.5
state|government|1|2|0.5
housing|development|1|3|0.3333333333333333
housing|health|1|3|0.3333333333333333
housing|shortage|1|3|0.3333333333333333
philological|degrees|1|1|1.0
overall|image|1|2|0.5
overall|grade|1|2|0.5
then|dominate|1|11|0.09090909090909091
then|you|1|11|0.09090909090909091
then|misjudge|1|11|0.09090909090909091
then|constitute|1|11|0.09090909090909091
then|have|1|11|0.09090909090909091
then|restricted|1|11|0.09090909090909091
then|dispose|1|11|0.09090909090909091
then|feld|1|11|0.09090909090909091
then|paying|1|11|0.09090909090909091
then|run|1|11|0.09090909090909091
then|feel|1|11|0.09090909090909091
twice|about|1|1|1.0
probably|stations|1|1|1.0
left|arm|1|1|1.0
though|put|1|1|1.0
being|human|2|2|1.0
olympic|event|1|7|0.14285714285714285
olympic|events|6|7|0.8571428571428571
determined|character|1|1|1.0
student|loan|1|2|0.5
student|population|1|2|0.5
tax|delinquents|1|6|0.16666666666666666
tax|data|3|6|0.5
tax|authorities|1|6|0.16666666666666666
tax|evaders|1|6|0.16666666666666666
deeper|dig|1|1|1.0
german|services|1|4|0.25
german|citizen|1|4|0.25
german|universities|2|4|0.5
moreover|turns|1|1|1.0
low|organizing|1|2|0.5
low|rate|1|2|0.5
opening|hours|3|3|1.0
personnel|expenditure|1|1|1.0
personal|preferences|1|1|1.0
fixing|a|1|1|1.0
indefinitely|delay|1|1|1.0
ticket|offices|1|1|1.0
arbitrary|sundays|1|1|1.0
high|prices|1|1|1.0
saving|bulbs|1|1|1.0
cases|successful|1|1|1.0
local|politics|2|2|1.0
airplane|catastrophe|1|1|1.0
even|half|1|15|0.06666666666666667
even|have|1|15|0.06666666666666667
even|think|2|15|0.13333333333333333
even|touch|1|15|0.06666666666666667
even|used|1|15|0.06666666666666667
even|need|1|15|0.06666666666666667
even|invested|1|15|0.06666666666666667
even|those|1|15|0.06666666666666667
even|designated|1|15|0.06666666666666667
even|do|1|15|0.06666666666666667
even|stress|1|15|0.06666666666666667
even|better|1|15|0.06666666666666667
even|outlets|1|15|0.06666666666666667
even|national|1|15|0.06666666666666667
prime|times|1|1|1.0
there|queues|1|3|0.3333333333333333
there|recreation|1|3|0.3333333333333333
there|been|1|3|0.3333333333333333
judicial|process|1|1|1.0
preselection|process|1|1|1.0
naturally|cover|1|1|1.0
longstanding|owners|1|1|1.0
peripheral|development|1|1|1.0
oversight|committees|1|1|1.0
dog|dirt|14|25|0.56
dog|owner|1|25|0.04
dog|waste|1|25|0.04
dog|poo|1|25|0.04
dog|owners|6|25|0.24
dog|city|1|25|0.04
dog|fee|1|25|0.04
possibly|strengthened|1|2|0.5
possibly|make|1|2|0.5
mediocre|resolution|1|1|1.0
facebook|account|1|1|1.0
open|space|2|2|1.0
online|magazines|1|2|0.5
online|outlets|1|2|0.5
funding-wise|ought|1|1|1.0
heavily|oriented|1|1|1.0
pension|costs|2|3|0.6666666666666666
pension|financing|1|3|0.3333333333333333
nevertheless|wishes|1|4|0.25
nevertheless|has|1|4|0.25
nevertheless|contribute|1|4|0.25
nevertheless|restrain|1|4|0.25
in-house|forces|1|1|1.0
very|proof|1|6|0.16666666666666666
very|well|1|6|0.16666666666666666
very|costly|2|6|0.3333333333333333
very|practical|1|6|0.16666666666666666
very|bad|1|6|0.16666666666666666
clearly|stated|1|4|0.25
clearly|structured|1|4|0.25
clearly|mistake|1|4|0.25
clearly|has|1|4|0.25
various|assignments|1|2|0.5
various|skills|1|2|0.5
non-medical|practitioners|1|1|1.0
furthermore|facilitate|1|6|0.16666666666666666
furthermore|resource-intensive|1|6|0.16666666666666666
furthermore|'s|2|6|0.3333333333333333
furthermore|culturally|1|6|0.16666666666666666
furthermore|have|1|6|0.16666666666666666
school|anachronistic|1|3|0.3333333333333333
school|uniforms|2|3|0.6666666666666666
central|airport|1|1|1.0
subjectively|experience|1|1|1.0
business|location|1|2|0.5
business|travellers|1|2|0.5
bank|rescues|1|2|0.5
bank|bailout|1|2|0.5
further|thought|1|3|0.3333333333333333
further|consumption|1|3|0.3333333333333333
further|division|1|3|0.3333333333333333
as|such|2|20|0.1
as|challenge|1|20|0.05
as|low|1|20|0.05
as|possible|1|20|0.05
as|tv|1|20|0.05
as|unclear|1|20|0.05
as|soon|2|20|0.1
as|rate|1|20|0.05
as|beneficial|1|20|0.05
as|much|1|20|0.05
as|sensitive|1|20|0.05
as|long|6|20|0.3
as|social|1|20|0.05
hypo|estate|1|1|1.0
harmless|secretion|1|1|1.0
ground-focused|attention|1|1|1.0
peak|times|1|1|1.0
traditional|model|1|1|1.0
closely|monitored|1|3|0.3333333333333333
closely|collaborate|1|3|0.3333333333333333
closely|regulated|1|3|0.3333333333333333
successfully|adjusted|1|1|1.0
berlin|tegel|1|1|1.0
tightly|regulated|2|2|1.0
whole|neighbourhood|1|1|1.0
weaker|individuals|1|1|1.0
few|decades|1|1|1.0
structured|process|1|1|1.0
waste|separation|1|1|1.0
required|effort|1|1|1.0
gynaecological|examination|1|1|1.0
opaque|scope|1|1|1.0
transportation|services|1|1|1.0
everyone|pay|1|1|1.0
leisure|activity|1|3|0.3333333333333333
leisure|activities|1|3|0.3333333333333333
leisure|park|1|3|0.3333333333333333
respective|leaders|1|2|0.5
respective|countries|1|2|0.5
fewer|nerve-racking|1|4|0.25
fewer|stations|1|4|0.25
fewer|classes|1|4|0.25
fewer|effects|1|4|0.25
due|day|1|1|1.0
days|appropriate|1|3|0.3333333333333333
days|move|1|3|0.3333333333333333
days|have|1|3|0.3333333333333333
clever|people|1|1|1.0
wiretapping|scandal|1|1|1.0
human|being|1|4|0.25
human|committee|1|4|0.25
human|error|1|4|0.25
human|dignity|1|4|0.25
unwanted|pregnancies|1|1|1.0
unregulated|work|1|1|1.0
civilized|world|1|1|1.0
video|games|4|5|0.8
video|game|1|5|0.2
relatively|small|1|1|1.0
minimal|increase|1|1|1.0
tidy|kept|1|1|1.0
dedicated|teacher|1|1|1.0
professional|advice|1|1|1.0
lazy|owners|1|1|1.0
future|remain|1|1|1.0
us|series|1|1|1.0
tv|fee|1|1|1.0
wonderfully|outfitted|1|1|1.0
sobering|season|1|1|1.0
right|away|1|4|0.25
right|way|1|4|0.25
right|measure|1|4|0.25
right|find|1|4|0.25
disadvantaged|children|1|1|1.0
ad|campaign|1|1|1.0
democratic|country|1|2|0.5
democratic|states|1|2|0.5
yet|have|1|1|1.0
yes|is|1|1|1.0
air|traffic|2|2|1.0
15|credits|1|1|1.0
elderly|population|1|1|1.0
top|priority|1|1|1.0
comparably|resource-intensive|1|1|1.0
security|forces|1|1|1.0
product|placements|1|1|1.0
residential|construction|1|1|1.0
six|semesters|1|1|1.0
dirt-free|city|1|1|1.0
definitely|made|1|3|0.3333333333333333
definitely|closed|1|3|0.3333333333333333
definitely|feel|1|3|0.3333333333333333
also|depends|1|32|0.03125
also|subject|1|32|0.03125
also|stand|1|32|0.03125
also|cap|1|32|0.03125
also|result|1|32|0.03125
also|paid|1|32|0.03125
also|challenge|1|32|0.03125
also|'s|1|32|0.03125
also|are|1|32|0.03125
also|taking|1|32|0.03125
also|saves|1|32|0.03125
also|successful|1|32|0.03125
also|tired|1|32|0.03125
also|allowed|1|32|0.03125
also|recognized|1|32|0.03125
also|increase|1|32|0.03125
also|cover|2|32|0.0625
also|prevent|1|32|0.03125
also|convicted|1|32|0.03125
also|have|1|32|0.03125
also|events|1|32|0.03125
also|needs|1|32|0.03125
also|observed|1|32|0.03125
also|tourists|1|32|0.03125
also|brings|1|32|0.03125
also|emptier|1|32|0.03125
also|akin|1|32|0.03125
also|suffer|1|32|0.03125
also|copied|1|32|0.03125
also|ought|1|32|0.03125
also|coincidence|1|32|0.03125
occasional|mistakes|1|1|1.0
robust|democracy|1|1|1.0
proven|use|1|3|0.3333333333333333
proven|benefits|1|3|0.3333333333333333
proven|relief|1|3|0.3333333333333333
quiz|shows|1|1|1.0
shooting|locations|1|1|1.0
attending|physician|1|1|1.0
scientific|work|1|1|1.0
where|knows|1|3|0.3333333333333333
where|spend|1|3|0.3333333333333333
where|singular|1|3|0.3333333333333333
presumably|dirt|1|2|0.5
presumably|emptier|1|2|0.5
weather|report|1|1|1.0
light|bulbs|1|1|1.0
exactly|what|1|1|1.0
clear|shortcomings|1|1|1.0
primarily|british|1|2|0.5
primarily|interested|1|2|0.5
occupation|sector|1|1|1.0
finally|reacted|1|1|1.0
products|treatments|1|1|1.0
approach|path|1|1|1.0
already|understood|1|8|0.125
already|dominate|1|8|0.125
already|regulated|1|8|0.125
already|today|1|8|0.125
already|extend|1|8|0.125
already|decided|1|8|0.125
already|invested|1|8|0.125
already|created|1|8|0.125
urgently|punished|1|4|0.25
urgently|regulated|1|4|0.25
urgently|needs|1|4|0.25
urgently|need|1|4|0.25
nasty|surprises|1|1|1.0
complementary|medicine|4|4|1.0
beach|weather|1|1|1.0
little|damage|1|1|1.0
exclusively|made|1|1|1.0
negative|impact|1|1|1.0
ukrainian|opposition|1|2|0.5
ukrainian|people|1|2|0.5
rich|media|1|1|1.0
desired|accommodation|1|1|1.0
airport|project|1|1|1.0
european|country|1|2|0.5
european|countries|1|2|0.5
christian|character|1|2|0.5
christian|perspective|1|2|0.5
licence|fee|3|4|0.75
licence|payers|1|4|0.25
given|day|1|1|1.0
only|people|2|28|0.07142857142857142
only|interesting|1|28|0.03571428571428571
only|tests|1|28|0.03571428571428571
only|makes|1|28|0.03571428571428571
only|secretion|1|28|0.03571428571428571
only|companies|1|28|0.03571428571428571
only|make|1|28|0.03571428571428571
only|rates|1|28|0.03571428571428571
only|react|1|28|0.03571428571428571
only|get|2|28|0.07142857142857142
only|question|1|28|0.03571428571428571
only|propaganda|1|28|0.03571428571428571
only|has|1|28|0.03571428571428571
only|option|1|28|0.03571428571428571
only|have|2|28|0.07142857142857142
only|watched|1|28|0.03571428571428571
only|recommend|1|28|0.03571428571428571
only|are|1|28|0.03571428571428571
only|turning|1|28|0.03571428571428571
only|collected|1|28|0.03571428571428571
only|prescribed|1|28|0.03571428571428571
only|required|1|28|0.03571428571428571
only|amount|2|28|0.07142857142857142
only|lead|1|28|0.03571428571428571
declining|rates|1|1|1.0
other|people|1|14|0.07142857142857142
other|day|1|14|0.07142857142857142
other|instruments|1|14|0.07142857142857142
other|animals|1|14|0.07142857142857142
other|rubbish|1|14|0.07142857142857142
other|countries|1|14|0.07142857142857142
other|companies|1|14|0.07142857142857142
other|choirboys|1|14|0.07142857142857142
other|hand|1|14|0.07142857142857142
other|means|1|14|0.07142857142857142
other|assignments|1|14|0.07142857142857142
other|choices|1|14|0.07142857142857142
other|forms|1|14|0.07142857142857142
other|states|1|14|0.07142857142857142
licencing|fee|1|1|1.0
his|property|1|5|0.2
his|machine|1|5|0.2
his|wealth|1|5|0.2
his|body|1|5|0.2
his|life|1|5|0.2
building|operations|1|1|1.0
way|too|1|1|1.0
actual|implementation|1|1|1.0
that|simple|1|1|1.0
socially|disadvantaged|1|3|0.3333333333333333
socially|sustainable|1|3|0.3333333333333333
socially|weak|1|3|0.3333333333333333
affordable|living|1|2|0.5
affordable|rents|1|2|0.5
matter|apply|1|3|0.3333333333333333
matter|expertise|2|3|0.6666666666666666
tokio|hotel|1|1|1.0
equally|modules|1|2|0.5
equally|citizens/households|1|2|0.5
aging|society|1|1|1.0
designated|off-times|1|1|1.0
hygiene|problem|1|1|1.0
paying|viewers|1|1|1.0
purchasing|data|1|1|1.0
stock|market|1|1|1.0
remaining|option|1|1|1.0
legal|means|1|1|1.0
dicey|get|1|1|1.0
prescription|requirement|1|1|1.0
placebo|effect|1|1|1.0
introductory|phase|1|1|1.0
again|moment|1|8|0.125
again|time|2|8|0.25
again|supermarkets|1|8|0.125
again|raised|1|8|0.125
again|introduced|1|8|0.125
again|become|1|8|0.125
again|given|1|8|0.125
drawn-out|operations|1|1|1.0
medical|benefit|1|7|0.14285714285714285
medical|treatments|1|7|0.14285714285714285
medical|therapies|1|7|0.14285714285714285
medical|advice|3|7|0.42857142857142855
medical|perspective|1|7|0.14285714285714285
early|termination|1|2|0.5
early|leisure|1|2|0.5
sufficient|employees|1|2|0.5
sufficient|numbers|1|2|0.5
subject|expertise|2|2|1.0
anymore|pay|1|2|0.5
anymore|live|1|2|0.5
later|world|1|2|0.5
later|study|1|2|0.5
entails|commitment|1|2|0.5
entails|risks|1|2|0.5
forever|imprisoned|1|1|1.0
radio|licence|2|2|1.0
before|fitter|1|1|1.0
significantly|depends|1|2|0.5
significantly|homicides|1|2|0.5
evidently|collaborate|1|1|1.0
exact|moles|1|1|1.0
previous|education|1|2|0.5
previous|residents|1|2|0.5
night|created|1|2|0.5
night|got|1|2|0.5
anticipated|objectives|1|1|1.0
curiously|are|1|1|1.0
legally|required|1|1|1.0
merely|use|1|1|1.0
social|justice|1|4|0.25
social|security|1|4|0.25
social|housing|1|4|0.25
social|order|1|4|0.25
maximum|increase|1|1|1.0
shopping|days|1|7|0.14285714285714285
shopping|centres|6|7|0.8571428571428571
deterring|effect|1|1|1.0
road|traffic|2|2|1.0
parliamentary|committees|1|3|0.3333333333333333
parliamentary|elections|1|3|0.3333333333333333
parliamentary|control|1|3|0.3333333333333333
viewers|get|1|1|1.0
meanwhile|extend|1|1|1.0
party|acquaintance|1|1|1.0
premium|payers|1|1|1.0
everywhere|abandoned|1|1|1.0
all|means|1|2|0.5
all|limit|1|2|0.5
last|years|1|3|0.3333333333333333
last|night|1|3|0.3333333333333333
last|tournament|1|3|0.3333333333333333
brand-name|clothes|1|2|0.5
brand-name|garments|1|2|0.5
secret|services|3|3|1.0
known|threats|1|1|1.0
urban|reasons|1|1|1.0
visual|image|1|1|1.0
ba|dissertation|2|2|1.0
safety|reasons|1|2|0.5
safety|issues|1|2|0.5
thus|benefit|1|7|0.14285714285714285
thus|all|1|7|0.14285714285714285
thus|been|1|7|0.14285714285714285
thus|lead|1|7|0.14285714285714285
thus|increasing|1|7|0.14285714285714285
thus|far|1|7|0.14285714285714285
thus|remain|1|7|0.14285714285714285
such|cds|1|12|0.08333333333333333
such|data|1|12|0.08333333333333333
such|supervision|1|12|0.08333333333333333
such|waste|1|12|0.08333333333333333
such|treatments|2|12|0.16666666666666666
such|events|1|12|0.08333333333333333
such|obstacles|1|12|0.08333333333333333
such|therapies|1|12|0.08333333333333333
such|uniforms|1|12|0.08333333333333333
such|bad|1|12|0.08333333333333333
such|counselling|1|12|0.08333333333333333
day|passengers|1|3|0.3333333333333333
day|remain|1|3|0.3333333333333333
day|having|1|3|0.3333333333333333
pricing|pressures|1|1|1.0
obviously|driven|1|1|1.0
generally|ineffective|1|4|0.25
generally|clean|1|4|0.25
generally|charged|1|4|0.25
generally|prevent|1|4|0.25
insurance|companies|7|7|1.0
recent|years|1|2|0.5
recent|scandal|1|2|0.5
substantiated|data|1|1|1.0
experienced|capabilities|1|2|0.5
experienced|staff|1|2|0.5
fact|good|1|1|1.0
property|commitment|1|1|1.0
potentially|overwhelmed|1|1|1.0
outfitted|university|1|1|1.0
older|generations|1|1|1.0
surely|covered|1|3|0.3333333333333333
surely|want|1|3|0.3333333333333333
surely|deserves|1|3|0.3333333333333333
zdf|arte|1|1|1.0
windows|machine|1|1|1.0
decent|board|1|1|1.0
home|games|1|1|1.0
former|opponents|1|1|1.0
private|channels|1|2|0.5
private|life|1|2|0.5
sophisticated|programming|1|1|1.0
demographically|viewed|1|1|1.0
something|everyone|1|1|1.0
wheelie|bins|1|1|1.0
violent|crime|1|1|1.0
however|people|1|28|0.03571428571428571
however|skat|1|28|0.03571428571428571
however|demonstrate|1|28|0.03571428571428571
however|is|3|28|0.10714285714285714
however|stated|1|28|0.03571428571428571
however|considerable|1|28|0.03571428571428571
however|use|1|28|0.03571428571428571
however|mean|1|28|0.03571428571428571
however|covered|1|28|0.03571428571428571
however|differs|1|28|0.03571428571428571
however|likely|1|28|0.03571428571428571
however|impossible|1|28|0.03571428571428571
however|indisputable|1|28|0.03571428571428571
however|hampers|1|28|0.03571428571428571
however|have|2|28|0.07142857142857142
however|are|1|28|0.03571428571428571
however|carries|1|28|0.03571428571428571
however|temps|1|28|0.03571428571428571
however|obvious|1|28|0.03571428571428571
however|lead|1|28|0.03571428571428571
however|today|1|28|0.03571428571428571
however|confirmed|1|28|0.03571428571428571
however|find|1|28|0.03571428571428571
however|prevent|1|28|0.03571428571428571
however|bad|1|28|0.03571428571428571
junior|employees|1|2|0.5
junior|staff|1|2|0.5
many|people|3|25|0.12
many|employees|1|25|0.04
many|women|1|25|0.04
many|countries|1|25|0.04
many|doors|1|25|0.04
many|occupations|1|25|0.04
many|visitors|2|25|0.08
many|banks|1|25|0.04
many|practitioners|1|25|0.04
many|mines|1|25|0.04
many|factors|1|25|0.04
many|opponents|1|25|0.04
many|areas|1|25|0.04
many|ways|1|25|0.04
many|promises|1|25|0.04
many|cases|1|25|0.04
many|assignments|1|25|0.04
many|remedies|1|25|0.04
many|professions|1|25|0.04
many|practices|1|25|0.04
many|patients|1|25|0.04
many|game|1|25|0.04
perhaps|thrilling|1|2|0.5
perhaps|created|1|2|0.5
entire|districts|1|4|0.25
entire|lease|1|4|0.25
entire|grade|1|4|0.25
entire|planning|1|4|0.25
today|unnecessary|1|4|0.25
today|dominate|1|4|0.25
today|delete|1|4|0.25
today|lacking|1|4|0.25
car|lovers|1|1|1.0
aircraft|noise|1|1|1.0
unattractive|investment|1|1|1.0
mounting|safety|1|1|1.0
fifa|tournament|1|1|1.0
steering|system|1|1|1.0
supermarket|employees|1|1|1.0
general|trend|1|3|0.3333333333333333
general|practitioners|1|3|0.3333333333333333
general|media|1|3|0.3333333333333333
financially|weaker|2|3|0.6666666666666666
financially|and/or|1|3|0.3333333333333333
particularly|due|1|6|0.16666666666666666
particularly|ideal|1|6|0.16666666666666666
particularly|dependent|1|6|0.16666666666666666
particularly|physically|1|6|0.16666666666666666
particularly|well|1|6|0.16666666666666666
particularly|attractive|1|6|0.16666666666666666
computer|games|1|1|1.0
single|device|1|1|1.0
proper|brawl|1|1|1.0
awful|crimes|1|1|1.0
ultimate|elimination|1|1|1.0
study|assignments|1|1|1.0
medieval|times|1|1|1.0
standard|uniform|1|1|1.0
mainly|temps|1|1|1.0
heavier|getting|1|1|1.0
increasingly|sacrificed|1|1|1.0
tempelhofer|feld|3|3|1.0
tighter|discipline|1|1|1.0
constant|increase|1|1|1.0
anyway|commensurate|1|4|0.25
anyway|end|1|4|0.25
anyway|show|1|4|0.25
anyway|decide|1|4|0.25
higher|degrees|1|15|0.06666666666666667
higher|rent|1|15|0.06666666666666667
higher|penalties|1|15|0.06666666666666667
higher|speeds|1|15|0.06666666666666667
higher|fine|2|15|0.13333333333333333
higher|subsidy|1|15|0.06666666666666667
higher|leaving|1|15|0.06666666666666667
higher|degree|1|15|0.06666666666666667
higher|rents|1|15|0.06666666666666667
higher|fines|5|15|0.3333333333333333
environmentally|unfriendly|1|1|1.0
common|benefit|1|1|1.0
hence|good|1|5|0.2
hence|deter|1|5|0.2
hence|ought|1|5|0.2
hence|desired|1|5|0.2
hence|has|1|5|0.2
gas|propaganda|1|1|1.0
larger|share|1|1|1.0
young|people|1|2|0.5
young|substitute|1|2|0.5
soap|operas|1|1|1.0
necessary|capabilities|1|1|1.0
currently|developed|1|2|0.5
currently|become|1|2|0.5
collected|experience|1|1|1.0
direct|attention|1|1|1.0
directly|benefit|1|1|1.0
else|anyone|1|2|0.5
else|everyone|1|2|0.5
whenever|bumps|1|1|1.0
possible|embarrassment|1|3|0.3333333333333333
possible|supporters|1|3|0.3333333333333333
possible|much|1|3|0.3333333333333333
convicted|felons|1|1|1.0
order|officers|1|1|1.0
inviolable|dignity|1|1|1.0
actually|pay|1|11|0.09090909090909091
actually|spent|1|11|0.09090909090909091
actually|justified|1|11|0.09090909090909091
actually|make|1|11|0.09090909090909091
actually|who|1|11|0.09090909090909091
actually|have|1|11|0.09090909090909091
actually|exist|1|11|0.09090909090909091
actually|allow|1|11|0.09090909090909091
actually|need|1|11|0.09090909090909091
actually|designated|1|11|0.09090909090909091
actually|separated|1|11|0.09090909090909091
planning|abilities|1|2|0.5
planning|reasons|1|2|0.5
emphatically|warns|1|1|1.0
means|remain|1|1|1.0
younger|generations|1|1|1.0
off|is|1|1|1.0
paid|day|1|1|1.0
disproportionate|number|2|2|1.0
illegally|purchasing|1|1|1.0
advanced|age|1|1|1.0
bar|snack|1|1|1.0
weakish|mannheimers|1|1|1.0
independent|journalism|1|1|1.0
energy|bulbs|1|1|1.0
skilled|labour|1|1|1.0
license|officers|1|2|0.5
license|fee|1|2|0.5
equal|appearance|1|2|0.5
equal|measure|1|2|0.5
cost|factor|1|1|1.0
greater|flexibility|1|1|1.0
potential|threat|1|2|0.5
potential|fine|1|2|0.5
accordingly|adjust|1|1|1.0
allegedly|familiar|1|1|1.0
ultimately|hands|1|2|0.5
ultimately|saves|1|2|0.5
back|ages|1|2|0.5
back|got|1|2|0.5
receiver|devices|1|1|1.0
uniform|anachronistic|1|1|1.0
land|mines|1|1|1.0
cumulative|grade|1|1|1.0
relative|age|1|1|1.0
how|works|1|5|0.2
how|supposed|1|5|0.2
how|many|1|5|0.2
how|used|1|5|0.2
how|reimbursed|1|5|0.2
of|thousands|1|1|1.0
well-qualified|employees|1|1|1.0
at|indirectly|1|3|0.3333333333333333
at|constitute|1|3|0.3333333333333333
at|weekends|1|3|0.3333333333333333
strong|interests|1|1|1.0
adequate|profit|1|2|0.5
adequate|financing|1|2|0.5
corruption|rule|1|1|1.0
generous|space|1|1|1.0
too|training|1|9|0.1111111111111111
too|many|2|9|0.2222222222222222
too|much|1|9|0.1111111111111111
too|tv|1|9|0.1111111111111111
too|rubbish|1|9|0.1111111111111111
too|paying|1|9|0.1111111111111111
too|long|1|9|0.1111111111111111
too|high|1|9|0.1111111111111111
military|pressure|1|1|1.0
sheer|number|1|1|1.0
easily|implemented|1|1|1.0
changed|terms|1|1|1.0
total|upwards|1|2|0.5
total|grade|1|2|0.5
immemorial|humans|1|1|1.0
sad|highlight|1|1|1.0
considerably|stronger|1|1|1.0
degree|programme|2|2|1.0
fundamental|competency|1|2|0.5
fundamental|rights|1|2|0.5
abortive|effect|1|1|1.0
exorbitant|rents|1|1|1.0
positive|effect|1|1|1.0
moral|reasons|1|1|1.0
precisely|effect|1|3|0.3333333333333333
precisely|crime|1|3|0.3333333333333333
precisely|case|1|3|0.3333333333333333
first|time|1|4|0.25
first|visit|1|4|0.25
first|need|1|4|0.25
first|place|1|4|0.25
graver|punishment|1|1|1.0
existing|contracts|1|3|0.3333333333333333
existing|project|1|3|0.3333333333333333
existing|laws|1|3|0.3333333333333333
amply|researched|1|1|1.0
rental|rate|1|1|1.0
public|channels|1|16|0.0625
public|officers|1|16|0.0625
public|transport|1|16|0.0625
public|urination|1|16|0.0625
public|tv|1|16|0.0625
public|broadcasters|6|16|0.375
public|broadcasting|2|16|0.125
public|services|1|16|0.0625
public|holidays|2|16|0.125
massively|suffers|1|2|0.5
massively|intervene|1|2|0.5
spending|visitors|1|1|1.0
ideological|conformity|1|1|1.0
most|cases|1|4|0.25
most|recent|1|4|0.25
most|certainly|1|4|0.25
most|people|1|4|0.25
real|world|1|4|0.25
real|danger|1|4|0.25
real|sense|1|4|0.25
real|estate|1|4|0.25
bin|bags|1|1|1.0
highly|qualified|1|1|1.0
long|spent|1|11|0.09090909090909091
long|waiting|1|11|0.09090909090909091
long|time|1|11|0.09090909090909091
long|restrict|1|11|0.09090909090909091
long|annoys|1|11|0.09090909090909091
long|sentence|1|11|0.09090909090909091
long|is|1|11|0.09090909090909091
long|'s|1|11|0.09090909090909091
long|run|2|11|0.18181818181818182
long|continue|1|11|0.09090909090909091
almost|20|1|2|0.5
almost|offense|1|2|0.5
same|day|1|10|0.1
same|actors|1|10|0.1
same|way|1|10|0.1
same|things|1|10|0.1
same|moles|1|10|0.1
same|expertise|1|10|0.1
same|flat|1|10|0.1
same|income|1|10|0.1
same|time|2|10|0.2
hardly|anyone|1|9|0.1111111111111111
hardly|make|1|9|0.1111111111111111
hardly|had|1|9|0.1111111111111111
hardly|is|1|9|0.1111111111111111
hardly|effect|1|9|0.1111111111111111
hardly|developed|1|9|0.1111111111111111
hardly|counts|1|9|0.1111111111111111
hardly|move|1|9|0.1111111111111111
hardly|suffer|1|9|0.1111111111111111
together|drank|1|3|0.3333333333333333
together|getting|1|3|0.3333333333333333
together|lumped|1|3|0.3333333333333333
lens|entrepreneurs|1|1|1.0
big|brother|1|3|0.3333333333333333
big|car|1|3|0.3333333333333333
big|campaign|1|3|0.3333333333333333
soon|obsolete|1|3|0.3333333333333333
soon|are|1|3|0.3333333333333333
soon|taken|1|3|0.3333333333333333
rightly|annoys|1|1|1.0
it|companies|1|1|1.0
despicable|crime|1|1|1.0
financial|jam|1|1|1.0
baltic|sea|1|1|1.0
sports|car|1|1|1.0
mental|break|1|1|1.0
life|expectancy|1|1|1.0
nonsensical|investments|1|1|1.0
differentiated|analysis|1|1|1.0
attractive|park|1|1|1.0
just|choices|1|7|0.14285714285714285
just|is|2|7|0.2857142857142857
just|player|1|7|0.14285714285714285
just|come|1|7|0.14285714285714285
just|alcohol|1|7|0.14285714285714285
just|high|1|7|0.14285714285714285
exotic|locations|1|1|1.0
why|pay|1|13|0.07692307692307693
why|regulated|1|13|0.07692307692307693
why|ought|2|13|0.15384615384615385
why|makes|1|13|0.07692307692307693
why|have|1|13|0.07692307692307693
why|must|1|13|0.07692307692307693
why|remain|1|13|0.07692307692307693
why|need|1|13|0.07692307692307693
why|introduce|1|13|0.07692307692307693
why|cover|1|13|0.07692307692307693
why|allow|1|13|0.07692307692307693
why|taken|1|13|0.07692307692307693
unnecessarily|take|1|1|1.0
frequently|result|1|1|1.0
away|intervene|1|1|1.0
cold|opponents|1|1|1.0
alone|goes|1|4|0.25
alone|reasons|1|4|0.25
alone|market|1|4|0.25
alone|left|1|4|0.25
federal|subsidy|1|4|0.25
federal|elections|1|4|0.25
federal|government|1|4|0.25
federal|state|1|4|0.25
traditionally|party|1|1|1.0
bigger|role|1|1|1.0
rigorously|limit|1|1|1.0
statutory|companies|2|3|0.6666666666666666
statutory|age|1|3|0.3333333333333333
nighttime|trip|1|1|1.0
different|games|1|4|0.25
different|bags|1|4|0.25
different|bins|1|4|0.25
different|neighbourhoods|1|4|0.25
police|presence|1|1|1.0
neither|entrepreneurs|1|1|1.0
football|team|1|1|1.0
treatment|methods|1|1|1.0
horrific|crimes|1|1|1.0
designed|outfit|1|1|1.0
pharmacists|required|1|1|1.0
up|has|1|2|0.5
up|contain|1|2|0.5
rarely|training|1|2|0.5
rarely|observed|1|2|0.5
sales|outlets|1|1|1.0
broad|expertise|1|1|1.0
especially|working|1|4|0.25
especially|games|1|4|0.25
especially|'s|1|4|0.25
especially|spaces|1|4|0.25
indeed|ended|1|6|0.16666666666666666
indeed|today|1|6|0.16666666666666666
indeed|competency|1|6|0.16666666666666666
indeed|act|1|6|0.16666666666666666
indeed|fault|1|6|0.16666666666666666
indeed|argue|1|6|0.16666666666666666
clinical|trials|1|1|1.0
current|viewers|1|5|0.2
current|employees|1|5|0.2
current|protection|1|5|0.2
current|regulations|1|5|0.2
current|tour|1|5|0.2
nsa|scandal|1|1|1.0
really|spent|1|5|0.2
really|benefit|1|5|0.2
really|watch|1|5|0.2
really|want|1|5|0.2
really|lacking|1|5|0.2
particular|challenge|1|1|1.0
neutral|console|1|1|1.0
expensive|flats|1|1|1.0
government|leaders|1|1|1.0
walk-in|clinic|1|1|1.0
unfortunately|lead|1|2|0.5
unfortunately|case|1|2|0.5
simply|due|1|7|0.14285714285714285
simply|mean|1|7|0.14285714285714285
simply|take|1|7|0.14285714285714285
simply|thoughtless|1|7|0.14285714285714285
simply|allowed|1|7|0.14285714285714285
simply|designed|1|7|0.14285714285714285
simply|impossible|1|7|0.14285714285714285
still|needs|1|9|0.1111111111111111
still|have|1|9|0.1111111111111111
still|sell|1|9|0.1111111111111111
still|produces|1|9|0.1111111111111111
still|informed|1|9|0.1111111111111111
still|enough|1|9|0.1111111111111111
still|are|1|9|0.1111111111111111
still|need|1|9|0.1111111111111111
still|stone-cold|1|9|0.1111111111111111
enough|painkillers|1|4|0.25
enough|personnel|1|4|0.25
enough|bins|1|4|0.25
enough|mistakes|1|4|0.25
grade|upwards|1|1|1.0
physical|training|1|4|0.25
physical|wear|1|4|0.25
physical|efforts|1|4|0.25
physical|fitness|1|4|0.25
collectively|finance|1|1|1.0
